{
    "accuracy": 0.9090909090909091,
    "f1": 0.6666666666666666,
    "auc": 0.9122807017543859,
    "log_loss": 0.27165106776660763,
    "brier": 0.08335545696033349,
    "mrr": 0.3333333333333333,
    "top3_accuracy": 0.6666666666666666,
    "top3_recall": 0.6666666666666666,
    "top3_precision": 0.6666666666666666,
    "race": "Japanese Grand Prix",
    "season": 2026,
    "has_ground_truth": true,
    "model": "xgboost"
}