{
    "accuracy": 0.8181818181818182,
    "f1": 0.3333333333333333,
    "auc": 0.9298245614035088,
    "log_loss": 0.2747815347480548,
    "brier": 0.08877836123435429,
    "mrr": 0.48333333333333334,
    "top3_accuracy": 0.3333333333333333,
    "top3_recall": 0.3333333333333333,
    "top3_precision": 0.3333333333333333,
    "race": "Austrian Grand Prix",
    "season": 2026,
    "has_ground_truth": true,
    "model": "xgboost"
}