{
    "rain_probability": 0.35,
    "wet_track_flag": 0,
    "temperature": 32.36,
    "humidity": 61.2,
    "wind_speed": 10.78,
    "temperature_vs_baseline": 8.36,
    "humidity_vs_baseline": -6.799999999999997,
    "wind_speed_vs_baseline": -3.2200000000000006,
    "rain_probability_vs_baseline": 0.04999999999999999
}