{
    "rain_probability": 0.13,
    "wet_track_flag": 0,
    "temperature": 32.34,
    "humidity": 39.2,
    "wind_speed": 9.3,
    "temperature_vs_baseline": 9.340000000000003,
    "humidity_vs_baseline": -25.799999999999997,
    "wind_speed_vs_baseline": -3.6999999999999993,
    "rain_probability_vs_baseline": -0.15000000000000002
}