{
    "rain_probability": 0.3,
    "wet_track_flag": 0,
    "temperature": 30.580000000000002,
    "humidity": 69.4,
    "wind_speed": 13.66,
    "temperature_vs_baseline": 0.5800000000000018,
    "humidity_vs_baseline": -12.599999999999994,
    "wind_speed_vs_baseline": 3.66,
    "rain_probability_vs_baseline": -0.25000000000000006
}