{
    "rain_probability": 0.04,
    "wet_track_flag": 0,
    "temperature": 29.679999999999996,
    "humidity": 32.2,
    "wind_speed": 10.120000000000001,
    "temperature_vs_baseline": 6.679999999999996,
    "humidity_vs_baseline": -29.799999999999997,
    "wind_speed_vs_baseline": -6.879999999999999,
    "rain_probability_vs_baseline": -0.36000000000000004
}