{
    "rain_probability": 0.39,
    "wet_track_flag": 0,
    "temperature": 30.82,
    "humidity": 63.6,
    "wind_speed": 12.14,
    "temperature_vs_baseline": -0.17999999999999972,
    "humidity_vs_baseline": -6.399999999999999,
    "wind_speed_vs_baseline": -7.859999999999999,
    "rain_probability_vs_baseline": 0.040000000000000036
}