{
    "rain_probability": 0.54,
    "wet_track_flag": 0,
    "temperature": 22.04,
    "humidity": 59.4,
    "wind_speed": 4.5600000000000005,
    "temperature_vs_baseline": 0.03999999999999915,
    "humidity_vs_baseline": 11.399999999999999,
    "wind_speed_vs_baseline": -9.44,
    "rain_probability_vs_baseline": 0.36000000000000004
}