{
    "rain_probability": 0.25,
    "wet_track_flag": 0,
    "temperature": 24.6,
    "humidity": 51.8,
    "wind_speed": 9.459999999999999,
    "temperature_vs_baseline": -3.3999999999999986,
    "humidity_vs_baseline": -6.200000000000003,
    "wind_speed_vs_baseline": -3.540000000000001,
    "rain_probability_vs_baseline": 0.07
}