{
    "rain_probability": 0.0,
    "wet_track_flag": 0,
    "temperature": 20.54,
    "humidity": 61.4,
    "wind_speed": 8.959999999999999,
    "temperature_vs_baseline": -5.460000000000001,
    "humidity_vs_baseline": -10.600000000000001,
    "wind_speed_vs_baseline": -6.040000000000001,
    "rain_probability_vs_baseline": -0.45
}