{
    "rain_probability": 0.0,
    "wet_track_flag": 0,
    "temperature": 23.96,
    "humidity": 65.4,
    "wind_speed": 10.98,
    "temperature_vs_baseline": -0.03999999999999915,
    "humidity_vs_baseline": 2.4000000000000057,
    "wind_speed_vs_baseline": -0.019999999999999574,
    "rain_probability_vs_baseline": -0.2
}