{
    "rain_probability": 0.22,
    "wet_track_flag": 0,
    "temperature": 23.119999999999997,
    "humidity": 61.0,
    "wind_speed": 8.580000000000002,
    "temperature_vs_baseline": -5.880000000000003,
    "humidity_vs_baseline": 9.0,
    "wind_speed_vs_baseline": -3.419999999999998,
    "rain_probability_vs_baseline": 0.01999999999999999
}