{
    "rain_probability": 0.99,
    "wet_track_flag": 1,
    "temperature": 28.339999999999996,
    "humidity": 75.4,
    "wind_speed": 4.279999999999999,
    "temperature_vs_baseline": -1.6600000000000037,
    "humidity_vs_baseline": -6.599999999999994,
    "wind_speed_vs_baseline": -5.720000000000001,
    "rain_probability_vs_baseline": 0.43999999999999995
}