{
    "rain_probability": 0.84,
    "wet_track_flag": 1,
    "temperature": 23.639999999999997,
    "humidity": 55.8,
    "wind_speed": 12.1,
    "temperature_vs_baseline": -5.360000000000003,
    "humidity_vs_baseline": 3.799999999999997,
    "wind_speed_vs_baseline": 0.09999999999999964,
    "rain_probability_vs_baseline": 0.6399999999999999
}