{
    "rain_probability": 0.0,
    "wet_track_flag": 0,
    "temperature": 24.779999999999998,
    "humidity": 73.8,
    "wind_speed": 9.920000000000002,
    "temperature_vs_baseline": 0.7799999999999976,
    "humidity_vs_baseline": 10.799999999999997,
    "wind_speed_vs_baseline": -1.0799999999999983,
    "rain_probability_vs_baseline": -0.2
}