{
    "rain_probability": 0.11,
    "wet_track_flag": 0,
    "temperature": 19.0,
    "humidity": 68.6,
    "wind_speed": 11.459999999999999,
    "temperature_vs_baseline": -2.0,
    "humidity_vs_baseline": -6.400000000000006,
    "wind_speed_vs_baseline": -12.540000000000001,
    "rain_probability_vs_baseline": -0.29000000000000004
}