{
    "rain_probability": 0.0,
    "wet_track_flag": 0,
    "temperature": 32.06,
    "humidity": 44.6,
    "wind_speed": 15.959999999999999,
    "temperature_vs_baseline": 2.0600000000000023,
    "humidity_vs_baseline": -0.3999999999999986,
    "wind_speed_vs_baseline": -0.040000000000000924,
    "rain_probability_vs_baseline": -0.05
}