{
    "rain_probability": 0.48,
    "wet_track_flag": 0,
    "temperature": 18.419999999999998,
    "humidity": 54.2,
    "wind_speed": 22.56,
    "temperature_vs_baseline": -4.580000000000002,
    "humidity_vs_baseline": -7.799999999999997,
    "wind_speed_vs_baseline": 5.559999999999999,
    "rain_probability_vs_baseline": 0.07999999999999996
}