{
    "rain_probability": 0.15,
    "wet_track_flag": 0,
    "temperature": 31.2,
    "humidity": 40.2,
    "wind_speed": 9.32,
    "temperature_vs_baseline": 3.1999999999999993,
    "humidity_vs_baseline": -17.799999999999997,
    "wind_speed_vs_baseline": -3.6799999999999997,
    "rain_probability_vs_baseline": -0.03
}