{
    "rain_probability": 0.5,
    "wet_track_flag": 0,
    "temperature": 22.46,
    "humidity": 49.8,
    "wind_speed": 10.18,
    "temperature_vs_baseline": -0.5399999999999991,
    "humidity_vs_baseline": -10.200000000000003,
    "wind_speed_vs_baseline": -3.8200000000000003,
    "rain_probability_vs_baseline": 0.15000000000000002
}