{
    "rain_probability": 0.02,
    "wet_track_flag": 0,
    "temperature": 29.419999999999998,
    "humidity": 51.0,
    "wind_speed": 11.66,
    "temperature_vs_baseline": 5.419999999999998,
    "humidity_vs_baseline": -17.0,
    "wind_speed_vs_baseline": -2.34,
    "rain_probability_vs_baseline": -0.27999999999999997
}