{
    "rain_probability": 0.0,
    "wet_track_flag": 0,
    "temperature": 36.620000000000005,
    "humidity": 38.0,
    "wind_speed": 15.820000000000002,
    "temperature_vs_baseline": 7.6200000000000045,
    "humidity_vs_baseline": -17.0,
    "wind_speed_vs_baseline": 1.820000000000002,
    "rain_probability_vs_baseline": -0.02
}