{
    "rain_probability": 0.0,
    "wet_track_flag": 0,
    "temperature": 33.68,
    "humidity": 36.2,
    "wind_speed": 16.44,
    "temperature_vs_baseline": 1.6799999999999997,
    "humidity_vs_baseline": -23.799999999999997,
    "wind_speed_vs_baseline": -0.5599999999999987,
    "rain_probability_vs_baseline": -0.02
}