{
    "rain_probability": 0.0,
    "wet_track_flag": 0,
    "temperature": 27.24,
    "humidity": 48.2,
    "wind_speed": 14.24,
    "temperature_vs_baseline": 0.23999999999999844,
    "humidity_vs_baseline": -6.799999999999997,
    "wind_speed_vs_baseline": -0.7599999999999998,
    "rain_probability_vs_baseline": -0.15
}