{
    "accuracy": 1.0,
    "f1": 1.0,
    "auc": 1.0,
    "log_loss": 0.11537617346001974,
    "brier": 0.02431982588441484,
    "mrr": 0.611111111111111,
    "top3_accuracy": 1.0,
    "top3_recall": 1.0,
    "top3_precision": 1.0,
    "race": "Chinese Grand Prix",
    "season": 2026,
    "has_ground_truth": true,
    "model": "xgboost"
}