{
    "accuracy": 0.9090909090909091,
    "f1": 0.6666666666666666,
    "auc": 0.9473684210526315,
    "log_loss": 0.24690299461526602,
    "brier": 0.07426032663397487,
    "mrr": 0.5555555555555556,
    "top3_accuracy": 0.6666666666666666,
    "top3_recall": 0.6666666666666666,
    "top3_precision": 0.6666666666666666,
    "race": "Australian Grand Prix",
    "season": 2026,
    "has_ground_truth": true,
    "model": "logistic"
}