{
    "accuracy": 1.0,
    "f1": 1.0,
    "auc": 1.0,
    "log_loss": 0.08842010287303165,
    "brier": 0.02290402398893239,
    "mrr": 0.611111111111111,
    "top3_accuracy": 1.0,
    "top3_recall": 1.0,
    "top3_precision": 1.0,
    "race": "Chinese Grand Prix",
    "season": 2026,
    "has_ground_truth": true,
    "model": "logistic"
}