{
    "accuracy": 0.8181818181818182,
    "f1": 0.3333333333333333,
    "auc": 0.8596491228070176,
    "log_loss": 0.3668838447582092,
    "brier": 0.1094288197241053,
    "mrr": 0.2916666666666667,
    "top3_accuracy": 0.3333333333333333,
    "top3_recall": 0.3333333333333333,
    "top3_precision": 0.3333333333333333,
    "race": "Canadian Grand Prix",
    "season": 2026,
    "has_ground_truth": true,
    "model": "xgboost"
}