{
    "accuracy": 0.8181818181818182,
    "f1": 0.3333333333333333,
    "auc": 0.8596491228070176,
    "log_loss": 0.3797842130148098,
    "brier": 0.11469758424312286,
    "mrr": 0.2809523809523809,
    "top3_accuracy": 0.3333333333333333,
    "top3_recall": 0.3333333333333333,
    "top3_precision": 0.3333333333333333,
    "race": "Canadian Grand Prix",
    "season": 2026,
    "has_ground_truth": true,
    "model": "xgboost"
}