{
    "accuracy": 0.9090909090909091,
    "f1": 0.6666666666666666,
    "auc": 0.9298245614035088,
    "log_loss": 0.2514497430567951,
    "brier": 0.08231499114842926,
    "mrr": 0.5,
    "top3_accuracy": 0.6666666666666666,
    "top3_recall": 0.6666666666666666,
    "top3_precision": 0.6666666666666666,
    "race": "Monaco Grand Prix",
    "season": 2026,
    "has_ground_truth": true,
    "model": "random_forest"
}