{
    "accuracy": 0.8181818181818182,
    "f1": 0.3333333333333333,
    "auc": 0.8596491228070176,
    "log_loss": 0.339658327163147,
    "brier": 0.10379614474493316,
    "mrr": 0.44166666666666665,
    "top3_accuracy": 0.3333333333333333,
    "top3_recall": 0.3333333333333333,
    "top3_precision": 0.3333333333333333,
    "race": "Miami Grand Prix",
    "season": 2026,
    "has_ground_truth": true,
    "model": "random_forest"
}