{
    "accuracy": 0.8181818181818182,
    "f1": 0.3333333333333333,
    "auc": 0.8771929824561403,
    "log_loss": 0.3312990044391013,
    "brier": 0.10204740479251533,
    "mrr": 0.4476190476190476,
    "top3_accuracy": 0.3333333333333333,
    "top3_recall": 0.3333333333333333,
    "top3_precision": 0.3333333333333333,
    "race": "Miami Grand Prix",
    "season": 2026,
    "has_ground_truth": true,
    "model": "random_forest"
}