{
    "accuracy": 0.9090909090909091,
    "f1": 0.6666666666666666,
    "auc": 0.9473684210526316,
    "log_loss": 0.2619229972109036,
    "brier": 0.08465180729183222,
    "mrr": 0.5111111111111111,
    "top3_accuracy": 0.6666666666666666,
    "top3_recall": 0.6666666666666666,
    "top3_precision": 0.6666666666666666,
    "race": "Japanese Grand Prix",
    "season": 2026,
    "has_ground_truth": true,
    "model": "logistic"
}