{
    "accuracy": 0.9090909090909091,
    "f1": 0.6666666666666666,
    "auc": 0.9649122807017545,
    "log_loss": 0.18449604923070567,
    "brier": 0.05451896319559902,
    "mrr": 0.5277777777777778,
    "top3_accuracy": 0.6666666666666666,
    "top3_recall": 0.6666666666666666,
    "top3_precision": 0.6666666666666666,
    "race": "Australian Grand Prix",
    "season": 2026,
    "has_ground_truth": true,
    "model": "xgboost"
}