{
    "accuracy": 0.9090909090909091,
    "f1": 0.6666666666666666,
    "auc": 0.9298245614035088,
    "log_loss": 0.22703190308187796,
    "brier": 0.07434905233709475,
    "mrr": 0.3444444444444444,
    "top3_accuracy": 0.6666666666666666,
    "top3_recall": 0.6666666666666666,
    "top3_precision": 0.6666666666666666,
    "race": "Japanese Grand Prix",
    "season": 2026,
    "has_ground_truth": true,
    "model": "random_forest"
}