{
    "accuracy": 0.9090909090909091,
    "f1": 0.6666666666666666,
    "auc": 0.9649122807017545,
    "log_loss": 0.21853066845771682,
    "brier": 0.07070355518177782,
    "mrr": 0.5277777777777778,
    "top3_accuracy": 0.6666666666666666,
    "top3_recall": 0.6666666666666666,
    "top3_precision": 0.6666666666666666,
    "race": "Japanese Grand Prix",
    "season": 2026,
    "has_ground_truth": true,
    "model": "random_forest"
}