{
    "accuracy": 0.9090909090909091,
    "f1": 0.6666666666666666,
    "auc": 0.9824561403508772,
    "log_loss": 0.20272205201424853,
    "brier": 0.06010959840656241,
    "mrr": 0.5833333333333334,
    "top3_accuracy": 0.6666666666666666,
    "top3_recall": 0.6666666666666666,
    "top3_precision": 0.6666666666666666,
    "race": "Australian Grand Prix",
    "season": 2026,
    "has_ground_truth": true,
    "model": "random_forest"
}