{
    "accuracy": 0.9090909090909091,
    "f1": 0.6666666666666666,
    "auc": 0.9122807017543859,
    "log_loss": 0.2993602915148022,
    "brier": 0.0926975582085061,
    "mrr": 0.49206349206349204,
    "top3_accuracy": 0.6666666666666666,
    "top3_recall": 0.6666666666666666,
    "top3_precision": 0.6666666666666666,
    "race": "Monaco Grand Prix",
    "season": 2026,
    "has_ground_truth": true,
    "model": "xgboost"
}