{
    "accuracy": 0.9090909090909091,
    "f1": 0.6666666666666666,
    "auc": 0.9298245614035088,
    "log_loss": 0.22892156115108228,
    "brier": 0.07223146180565682,
    "mrr": 0.5476190476190476,
    "top3_accuracy": 0.6666666666666666,
    "top3_recall": 0.6666666666666666,
    "top3_precision": 0.6666666666666666,
    "race": "Monaco Grand Prix",
    "season": 2026,
    "has_ground_truth": true,
    "model": "logistic"
}